,nEvents,nStreams,time,time_std,time_ave,throughput,tput_std,tput_ave
0,20000,1.0,"[29.01865, 28.89919, 28.44177]",0.3044925511951533,28.786536666666667,"[689.212, 692.061, 703.191]",7.386994675328632,694.8213333333333
1,20000,2.0,"[22.01693, 22.10082, 22.24836]",0.11716471923464727,22.122036666666666,"[908.392, 904.944, 898.943]",4.781636853630802,904.093
2,20000,4.0,"[18.78664, 18.64923, 18.07027]",0.38018902460924947,18.502046666666665,"[1064.59, 1072.43, 1106.79]",22.445917223406127,1081.27
3,20000,8.0,"[16.75166, 16.73762, 17.20222]",0.26427718882516776,16.897166666666667,"[1193.91, 1194.91, 1162.64]",18.349231591540818,1183.8200000000002
4,20000,12.0,"[16.08442, 16.04128, 16.02987]",0.028771948723251273,16.051856666666666,"[1243.44, 1246.78, 1247.67]",2.23011957825882,1245.9633333333334
5,20000,16.0,"[15.66953, 15.58599, 15.62392]",0.04182879510576381,15.62648,"[1276.36, 1283.2, 1280.09]",3.4246800337161165,1279.8833333333332
6,20000,20.0,"[17.24913, 16.25607, 16.07526]",0.6320378676155411,16.52682,"[1159.48, 1230.31, 1244.15]",45.41923858161137,1211.3133333333333
