,nEvents,nStreams,time,time_std,time_ave,throughput,tput_std,tput_ave
0,200000,1.0,"[261.1306, 260.1616, 258.2489]",1.466377462774634,259.84703333333334,"[765.9, 768.753, 774.447]",4.351483540127442,769.7
1,200000,2.0,"[155.9148, 155.8196, 155.8772]",0.04794886164794155,155.87053333333333,"[1282.75, 1283.54, 1283.06]",0.3980368492153974,1283.1166666666666
2,200000,4.0,"[110.482, 110.8656, 110.7291]",0.19443920215155605,110.69223333333333,"[1810.25, 1803.99, 1806.21]",3.1737884827652403,1806.8166666666666
3,200000,8.0,"[113.274, 112.4397, 110.0844]",1.6541383829655845,111.9327,"[1765.63, 1778.73, 1816.79]",26.575424737903937,1787.05
4,200000,12.0,"[107.4747, 108.3795, 108.106]",0.46404112245934703,107.98673333333333,"[1860.9, 1845.37, 1850.04]",7.967950384718453,1852.1033333333332
5,200000,16.0,"[109.8172, 109.4646, 109.1859]",0.3163700733845286,109.48923333333333,"[1821.21, 1827.07, 1831.74]",5.276194967335187,1826.6733333333334
6,200000,20.0,"[110.5711, 109.9858, 109.5068]",0.5330340170508211,110.02123333333333,"[1808.79, 1818.42, 1826.37]",8.8033686734113,1817.86
