,nEvents,nStreams,time,time_std,time_ave,throughput,tput_std,tput_ave
0,20000,1.0,"[88.48662, 89.04152, 88.72142]",0.27854055958394025,88.74985333333333,"[226.023, 224.614, 225.425]",0.70717819536521,225.354
1,20000,2.0,"[82.14117, 80.22249, 83.05452]",1.4454488971596355,81.80606,"[243.483, 249.307, 240.806]",4.3464987058550815,244.532
2,20000,4.0,"[86.00565, 86.22414, 85.60025]",0.3165769448859695,85.94334666666667,"[232.543, 231.954, 233.644]",0.8578288485084489,232.71366666666668
3,20000,8.0,"[88.33545, 89.43134, 89.69015]",0.7191626610394486,89.15231333333334,"[226.41, 223.635, 222.99]",1.817188762897236,224.345
4,20000,12.0,"[86.63853, 86.82467, 86.18371]",0.32973197539819793,86.54897,"[230.844, 230.349, 232.062]",0.8815628168202313,231.085
5,20000,16.0,"[85.46329, 85.22433, 85.26394]",0.1280698092187758,85.31718666666667,"[234.019, 234.675, 234.566]",0.35152667039643104,234.42000000000002
6,20000,20.0,"[85.29794, 85.15775, 85.58612]",0.21840398554055748,85.34727,"[234.472, 234.858, 233.683]",0.5989076166933773,234.33766666666668
