,nEvents,nStreams,time,time_std,time_ave,throughput,tput_std,tput_ave
0,20000,1.0,"[33.54774, 33.54226, 33.24009]",0.17606119286581162,33.44336333333333,"[596.165, 596.263, 601.683]",3.1579088017230617,598.037
1,20000,2.0,"[21.99618, 22.04188, 22.26534]",0.14403122763252846,22.101133333333333,"[909.249, 907.364, 898.257]",5.878133745784785,904.9566666666667
2,20000,4.0,"[17.91624, 18.04023, 18.0523]",0.07531215993007677,18.00292333333333,"[1116.31, 1108.63, 1107.89]",4.6623742163550626,1110.9433333333334
3,20000,8.0,"[16.79181, 16.79221, 16.81394]",0.012662870922502692,16.79932,"[1191.06, 1191.03, 1189.49]",0.8979049689879665,1190.5266666666666
4,20000,12.0,"[16.7745, 16.7827, 16.81392]",0.020800099358737174,16.79037333333333,"[1192.29, 1191.7, 1189.49]",1.4760420048223453,1191.16
5,20000,16.0,"[16.84708, 16.83632, 16.83173]",0.007878961437481152,16.838376666666665,"[1187.15, 1187.91, 1188.23]",0.5547371750056941,1187.7633333333333
6,20000,20.0,"[16.93912, 16.92235, 16.92521]",0.00897125595071917,16.928893333333335,"[1180.7, 1181.87, 1181.67]",0.6258061467685259,1181.4133333333334
