,nEvents,nStreams,time,time_std,time_ave,throughput,tput_std,tput_ave
0,20000,1.0,"[33.89, 34.09951, 34.07315]",0.11411486333222917,34.02088666666667,"[590.145, 586.519, 586.972]",1.9757283045331164,587.8786666666666
1,20000,2.0,"[22.3248, 22.00992, 21.82016]",0.2548920691848472,22.051626666666667,"[895.865, 908.681, 916.583]",10.455676161779289,907.043
2,20000,4.0,"[18.05458, 17.89427, 17.956]",0.0808578025507344,17.968283333333332,"[1107.75, 1117.68, 1113.83]",5.0065590312442705,1113.0866666666666
3,20000,8.0,"[16.86582, 16.8682, 16.79397]",0.04218645082645946,16.842663333333334,"[1185.83, 1185.66, 1190.9]",2.9774541698124617,1187.4633333333334
4,20000,12.0,"[16.78269, 16.77098, 16.84189]",0.03801313851814855,16.79852,"[1191.7, 1192.54, 1187.52]",2.6888163442922925,1190.5866666666666
5,20000,16.0,"[16.81196, 16.84987, 16.82206]",0.019632346607915414,16.827963333333333,"[1189.63, 1186.95, 1188.91]",1.3869871424542553,1188.4966666666667
6,20000,20.0,"[16.94781, 16.88179, 16.88342]",0.0376549452263581,16.90434,"[1180.09, 1184.71, 1184.59]",2.633400843016533,1183.1299999999999
