,nEvents,nStreams,time,time_std,time_ave,throughput,tput_std,tput_ave
0,20000,1.0,"[27.09995, 26.58522, 26.57503]",0.30016434814947573,26.7534,"[738.009, 752.298, 752.586]",8.334140567569035,747.631
1,20000,2.0,"[15.89911, 15.89513, 15.88246]",0.008694747456558764,15.892233333333333,"[1257.93, 1258.25, 1259.25]",0.6885734044626605,1258.4766666666667
2,20000,4.0,"[11.04835, 11.16734, 11.09442]",0.059997765791736005,11.10337,"[1810.23, 1790.94, 1802.71]",9.722717384215844,1801.2933333333333
3,20000,8.0,"[11.35556, 11.51931, 11.26491]",0.128938515709362,11.379926666666668,"[1761.25, 1736.22, 1775.43]",19.85362015687149,1757.6333333333334
4,20000,12.0,"[11.08244, 12.67206, 10.95206]",0.9576264658693042,11.568853333333333,"[1804.66, 1578.28, 1826.14]",137.32192978544984,1736.3600000000001
5,20000,16.0,"[11.18951, 11.15667, 11.26329]",0.054604301417867256,11.203156666666667,"[1787.39, 1792.65, 1775.68]",8.686892424797275,1785.24
6,20000,20.0,"[11.09875, 11.36153, 11.36208]",0.15187512403287093,11.27412,"[1802.01, 1760.33, 1760.24]",24.089982011893117,1774.1933333333334
