,nEvents,nStreams,time,time_std,time_ave,throughput,tput_std,tput_ave
0,5,1.0,"[0.035897, 0.030245, 0.030823]",0.003109787345355519,0.032321666666666665,"[139.287, 165.317, 162.217]",14.218273453552651,155.607
1,5,2.0,"[0.025027, 0.026074, 0.026258]",0.0006640062750707502,0.025786333333333335,"[199.784, 191.762, 190.418]",5.064266580661007,193.988
2,5,4.0,"[0.027371, 0.026937, 0.030666]",0.002039232780565606,0.028324666666666665,"[182.675, 185.618, 163.047]",12.270355020672115,177.11333333333334
3,5,8.0,"[0.028918, 0.029977, 0.030455]",0.0007865890498432671,0.029783333333333332,"[172.903, 166.795, 164.177]",4.477809434682693,167.95833333333331
4,5,12.0,"[0.032351, 0.031518, 0.031544]",0.00047360567282638433,0.03180433333333333,"[154.555, 158.64, 158.509]",2.3215835831029814,157.23466666666667
5,5,16.0,"[0.038965, 0.0602, 0.042327]",0.011413970956682866,0.047164,"[128.32, 83.0565, 118.128]",23.74402173355081,109.83483333333334
6,5,20.0,"[0.060012, 0.035881, 0.043383]",0.01234982325109689,0.04642533333333333,"[83.3167, 139.35, 115.253]",28.10789739432674,112.6399
