,nEvents,nStreams,time,time_std,time_ave,throughput,tput_std,tput_ave
0,5,1.0,"[5.638723, 0.171186, 0.278004]",3.126304504481662,2.029304333333333,"[0.886726, 29.208, 17.9854]",14.26187203876915,16.026708666666664
1,5,2.0,"[0.170717, 0.19415, 0.181761]",0.01172293155884368,0.18220933333333333,"[29.2882, 25.7533, 27.5087]",1.7674636922249165,27.516733333333335
2,5,4.0,"[0.186967, 0.182121, 0.182241]",0.0027638497305992106,0.18377633333333332,"[26.7427, 27.4543, 27.4362]",0.40571837933883836,27.211066666666667
3,5,8.0,"[0.193803, 0.188877, 0.185397]",0.004223677544510233,0.189359,"[25.7994, 26.4723, 26.9692]",0.5871024981494583,26.413633333333333
4,5,12.0,"[0.19517, 0.191372, 0.197481]",0.0030845152509484134,0.19467433333333334,"[25.6187, 26.1271, 25.3189]",0.40856208014613027,25.688233333333333
5,5,16.0,"[0.291972, 0.193729, 0.287589]",0.05549864463510197,0.25776333333333334,"[17.1249, 25.8092, 17.3859]",4.940262651249763,20.106666666666666
6,5,20.0,"[0.276615, 0.299967, 0.290375]",0.011737830350338735,0.28898566666666664,"[18.0757, 16.6685, 17.2191]",0.7091233743150762,17.3211
